diagnosis_group,diagnosis,lead_set,automation_status,n_records,n_patients,positive_records,positive_patients,reduced_trust_rate,twelve_lead_acquisition_rate,twelve_lead_rescue_rate,expert_referral_rate,automated_coverage,automated_error,trusted_positive_records,trusted_positive_errors,trusted_negative_records,trusted_negative_errors,trusted_positive_error,trusted_negative_error,automated_sensitivity,automated_specificity,positive_automation_recall,negative_automation_recall,positive_referral_rate,negative_referral_rate,patient_n_patients,patient_patients_with_automated_decision_rate,patient_patient_any_automated_error_rate,patient_patient_any_trusted_positive_error_rate,patient_patient_any_trusted_negative_error_rate,reduced_trust_rate_ci_lower,reduced_trust_rate_ci_upper,twelve_lead_acquisition_rate_ci_lower,twelve_lead_acquisition_rate_ci_upper,twelve_lead_rescue_rate_ci_lower,twelve_lead_rescue_rate_ci_upper,expert_referral_rate_ci_lower,expert_referral_rate_ci_upper,automated_coverage_ci_lower,automated_coverage_ci_upper,positive_automation_recall_ci_lower,positive_automation_recall_ci_upper,negative_automation_recall_ci_lower,negative_automation_recall_ci_upper,positive_referral_rate_ci_lower,positive_referral_rate_ci_upper,negative_referral_rate_ci_lower,negative_referral_rate_ci_upper,max_positive_risk,max_negative_risk,interpretation,inference_unit,risk_interval_method,trusted_positive_error_exact95_lower,trusted_positive_error_exact95_upper,trusted_negative_error_exact95_lower,trusted_negative_error_exact95_upper,automated_error_ci_lower,automated_error_ci_upper,trusted_negative_error_ci_lower,trusted_negative_error_ci_upper,automated_sensitivity_ci_lower,automated_sensitivity_ci_upper,automated_specificity_ci_lower,automated_specificity_ci_upper,scenario,model,missed_fraction_of_all_positive_patients
rhythm,AFIB-or-AFLT,2-lead,no_automated_decisions,1904,1904,118,118,0.0,1.0,0.0,1.0,0.0,,0,0,0,0,,,,,0.0,0.0,1.0,1.0,1904,0.0,,,,0.0,0.0,1.0,1.0,0.0,0.0,1.0,1.0,0.0,0.0,0.0,0.0,0.0,0.0,1.0,1.0,1.0,1.0,0.1,0.02,assert_disease,patient_representative,patient_binomial_exact_95_descriptive,,,,,,,,,,,,,baseline,fixed2-s42,0.0
rhythm,AFIB-or-AFLT,2-lead,no_automated_decisions,1904,1904,118,118,0.0,1.0,0.0,1.0,0.0,,0,0,0,0,,,,,0.0,0.0,1.0,1.0,1904,0.0,,,,0.0,0.0,1.0,1.0,0.0,0.0,1.0,1.0,0.0,0.0,0.0,0.0,0.0,0.0,1.0,1.0,1.0,1.0,0.1,0.02,assert_disease,patient_representative,patient_binomial_exact_95_descriptive,,,,,,,,,,,,,baseline,random2-s42,0.0
rhythm,AFIB-or-AFLT,2-lead,no_automated_decisions,1904,1904,118,118,0.0,1.0,0.0,1.0,0.0,,0,0,0,0,,,,,0.0,0.0,1.0,1.0,1904,0.0,,,,0.0,0.0,1.0,1.0,0.0,0.0,1.0,1.0,0.0,0.0,0.0,0.0,0.0,0.0,1.0,1.0,1.0,1.0,0.1,0.02,assert_disease,patient_representative,patient_binomial_exact_95_descriptive,,,,,,,,,,,,,baseline,fixed12-s42,0.0
rhythm,AFIB-or-AFLT,2-lead,no_automated_decisions,1904,1904,118,118,0.0,1.0,0.0,1.0,0.0,,0,0,0,0,,,,,0.0,0.0,1.0,1.0,1904,0.0,,,,,,,,,,,,,,,,,,,,,,0.4,0.02,assert_disease,patient_representative,patient_binomial_exact_95_descriptive,,,,,,,,,,,,,neg02-pos40,fixed2-s42,0.0
rhythm,AFIB-or-AFLT,2-lead,no_automated_decisions,1904,1904,118,118,0.0,1.0,0.0,1.0,0.0,,0,0,0,0,,,,,0.0,0.0,1.0,1.0,1904,0.0,,,,,,,,,,,,,,,,,,,,,,0.4,0.02,assert_disease,patient_representative,patient_binomial_exact_95_descriptive,,,,,,,,,,,,,neg02-pos40,random2-s42,0.0
rhythm,AFIB-or-AFLT,2-lead,no_automated_decisions,1904,1904,118,118,0.0,1.0,0.0,1.0,0.0,,0,0,0,0,,,,,0.0,0.0,1.0,1.0,1904,0.0,,,,,,,,,,,,,,,,,,,,,,0.4,0.02,assert_disease,patient_representative,patient_binomial_exact_95_descriptive,,,,,,,,,,,,,neg02-pos40,fixed12-s42,0.0
rhythm,AFIB-or-AFLT,2-lead,no_automated_decisions,1904,1904,118,118,0.0,1.0,0.0,1.0,0.0,,0,0,0,0,,,,,0.0,0.0,1.0,1.0,1904,0.0,,,,,,,,,,,,,,,,,,,,,,0.1,0.025,assert_disease,patient_representative,patient_binomial_exact_95_descriptive,,,,,,,,,,,,,neg025-pos10,fixed2-s42,0.0
rhythm,AFIB-or-AFLT,2-lead,automated_decisions_observed,1904,1904,118,118,0.7715336134453782,0.2284663865546218,0.0,0.2284663865546218,0.7715336134453782,0.0047651463580667,0,0,1469,7,,0.0047651463580667,0.0,1.0,0.0,0.8185890257558791,0.940677966101695,0.1814109742441209,1904,0.7715336134453782,0.0047651463580667,,0.0047651463580667,,,,,,,,,,,,,,,,,,,0.1,0.025,assert_disease,patient_representative,patient_binomial_exact_95_descriptive,,,0.0019179173718412,0.0097932329351206,,,,,,,,,neg025-pos10,random2-s42,0.059322033898305086
rhythm,AFIB-or-AFLT,2-lead,no_automated_decisions,1904,1904,118,118,0.0,1.0,0.0,1.0,0.0,,0,0,0,0,,,,,0.0,0.0,1.0,1.0,1904,0.0,,,,,,,,,,,,,,,,,,,,,,0.1,0.025,assert_disease,patient_representative,patient_binomial_exact_95_descriptive,,,,,,,,,,,,,neg025-pos10,fixed12-s42,0.0
rhythm,AFIB-or-AFLT,2-lead,automated_decisions_observed,1904,1904,118,118,0.7352941176470589,0.2647058823529412,0.0,0.2647058823529412,0.7352941176470589,0.0071428571428571,0,0,1400,10,,0.0071428571428571,0.0,1.0,0.0,0.7782754759238522,0.9152542372881356,0.2217245240761478,1904,0.7352941176470589,0.0071428571428571,,0.0071428571428571,,,,,,,,,,,,,,,,,,,0.1,0.03,assert_disease,patient_representative,patient_binomial_exact_95_descriptive,,,0.0034304359793316,0.0130966197670706,,,,,,,,,neg03-pos10,fixed2-s42,0.0847457627118644
rhythm,AFIB-or-AFLT,2-lead,automated_decisions_observed,1904,1904,118,118,0.842436974789916,0.157563025210084,0.0,0.157563025210084,0.842436974789916,0.0081047381546134,0,0,1604,13,,0.0081047381546134,0.0,1.0,0.0,0.8908174692049272,0.8898305084745762,0.1091825307950727,1904,0.842436974789916,0.0081047381546134,,0.0081047381546134,,,,,,,,,,,,,,,,,,,0.1,0.03,assert_disease,patient_representative,patient_binomial_exact_95_descriptive,,,0.0043222845195503,0.0138194728870489,,,,,,,,,neg03-pos10,random2-s42,0.11016949152542373
rhythm,AFIB-or-AFLT,2-lead,no_automated_decisions,1904,1904,118,118,0.0,1.0,0.0,1.0,0.0,,0,0,0,0,,,,,0.0,0.0,1.0,1.0,1904,0.0,,,,,,,,,,,,,,,,,,,,,,0.1,0.03,assert_disease,patient_representative,patient_binomial_exact_95_descriptive,,,,,,,,,,,,,neg03-pos10,fixed12-s42,0.0
rhythm,AFIB-or-AFLT,2-lead,automated_decisions_observed,1904,1904,118,118,0.7352941176470589,0.2647058823529412,0.0,0.2647058823529412,0.7352941176470589,0.0071428571428571,0,0,1400,10,,0.0071428571428571,0.0,1.0,0.0,0.7782754759238522,0.9152542372881356,0.2217245240761478,1904,0.7352941176470589,0.0071428571428571,,0.0071428571428571,,,,,,,,,,,,,,,,,,,0.4,0.03,assert_disease,patient_representative,patient_binomial_exact_95_descriptive,,,0.0034304359793316,0.0130966197670706,,,,,,,,,neg03-pos40,fixed2-s42,0.0847457627118644
rhythm,AFIB-or-AFLT,2-lead,automated_decisions_observed,1904,1904,118,118,0.842436974789916,0.157563025210084,0.0,0.157563025210084,0.842436974789916,0.0081047381546134,0,0,1604,13,,0.0081047381546134,0.0,1.0,0.0,0.8908174692049272,0.8898305084745762,0.1091825307950727,1904,0.842436974789916,0.0081047381546134,,0.0081047381546134,,,,,,,,,,,,,,,,,,,0.4,0.03,assert_disease,patient_representative,patient_binomial_exact_95_descriptive,,,0.0043222845195503,0.0138194728870489,,,,,,,,,neg03-pos40,random2-s42,0.11016949152542373
rhythm,AFIB-or-AFLT,2-lead,no_automated_decisions,1904,1904,118,118,0.0,1.0,0.0,1.0,0.0,,0,0,0,0,,,,,0.0,0.0,1.0,1.0,1904,0.0,,,,,,,,,,,,,,,,,,,,,,0.4,0.03,assert_disease,patient_representative,patient_binomial_exact_95_descriptive,,,,,,,,,,,,,neg03-pos40,fixed12-s42,0.0
