approach,diagnosis_group,diagnosis,lead_set,automation_status,n_records,n_patients,positive_records,positive_patients,reduced_trust_rate,twelve_lead_acquisition_rate,twelve_lead_rescue_rate,expert_referral_rate,automated_coverage,automated_error,trusted_positive_records,trusted_positive_errors,trusted_negative_records,trusted_negative_errors,trusted_positive_error,trusted_negative_error,automated_sensitivity,automated_specificity,positive_automation_recall,negative_automation_recall,positive_referral_rate,negative_referral_rate,patient_n_patients,patient_patients_with_automated_decision_rate,patient_patient_any_automated_error_rate,patient_patient_any_trusted_positive_error_rate,patient_patient_any_trusted_negative_error_rate,reduced_trust_rate_ci_lower,reduced_trust_rate_ci_upper,twelve_lead_acquisition_rate_ci_lower,twelve_lead_acquisition_rate_ci_upper,twelve_lead_rescue_rate_ci_lower,twelve_lead_rescue_rate_ci_upper,expert_referral_rate_ci_lower,expert_referral_rate_ci_upper,automated_coverage_ci_lower,automated_coverage_ci_upper,positive_automation_recall_ci_lower,positive_automation_recall_ci_upper,negative_automation_recall_ci_lower,negative_automation_recall_ci_upper,positive_referral_rate_ci_lower,positive_referral_rate_ci_upper,negative_referral_rate_ci_lower,negative_referral_rate_ci_upper,max_positive_risk,max_negative_risk,interpretation,inference_unit,risk_interval_method,trusted_positive_error_exact95_lower,trusted_positive_error_exact95_upper,trusted_negative_error_exact95_lower,trusted_negative_error_exact95_upper,automated_error_ci_lower,automated_error_ci_upper,trusted_negative_error_ci_lower,trusted_negative_error_ci_upper,automated_sensitivity_ci_lower,automated_sensitivity_ci_upper,automated_specificity_ci_lower,automated_specificity_ci_upper
"Previous model, patient analysis",superclass,NORM,2-lead,no_automated_decisions,1904,1904,859,859,0.0,1.0,0.0,1.0,0.0,,0,0,0,0,,,,,0.0,0.0,1.0,1.0,1904,0.0,,,,0.0,0.0,1.0,1.0,0.0,0.0,1.0,1.0,0.0,0.0,0.0,0.0,0.0,0.0,1.0,1.0,1.0,1.0,0.02,,assert_normal,patient_representative,patient_binomial_exact_95_descriptive,,,,,,,,,,,,
"Previous model, patient analysis",superclass,MI,2-lead,no_automated_decisions,1904,1904,457,457,0.0,1.0,0.0,1.0,0.0,,0,0,0,0,,,,,0.0,0.0,1.0,1.0,1904,0.0,,,,0.0,0.0,1.0,1.0,0.0,0.0,1.0,1.0,0.0,0.0,0.0,0.0,0.0,0.0,1.0,1.0,1.0,1.0,0.05,0.01,assert_disease,patient_representative,patient_binomial_exact_95_descriptive,,,,,,,,,,,,
"Previous model, patient analysis",superclass,STTC,2-lead,no_automated_decisions,1904,1904,446,446,0.0,1.0,0.0,1.0,0.0,,0,0,0,0,,,,,0.0,0.0,1.0,1.0,1904,0.0,,,,0.0,0.0,1.0,1.0,0.0,0.0,1.0,1.0,0.0,0.0,0.0,0.0,0.0,0.0,1.0,1.0,1.0,1.0,0.05,0.01,assert_disease,patient_representative,patient_binomial_exact_95_descriptive,,,,,,,,,,,,
"Previous model, patient analysis",superclass,CD,2-lead,no_automated_decisions,1904,1904,416,416,0.0,1.0,0.0,1.0,0.0,,0,0,0,0,,,,,0.0,0.0,1.0,1.0,1904,0.0,,,,0.0,0.0,1.0,1.0,0.0,0.0,1.0,1.0,0.0,0.0,0.0,0.0,0.0,0.0,1.0,1.0,1.0,1.0,0.1,0.02,assert_disease,patient_representative,patient_binomial_exact_95_descriptive,,,,,,,,,,,,
"Previous model, patient analysis",superclass,HYP,2-lead,no_automated_decisions,1904,1904,233,233,0.0,1.0,0.0,1.0,0.0,,0,0,0,0,,,,,0.0,0.0,1.0,1.0,1904,0.0,,,,0.0,0.0,1.0,1.0,0.0,0.0,1.0,1.0,0.0,0.0,0.0,0.0,0.0,0.0,1.0,1.0,1.0,1.0,0.1,0.02,assert_disease,patient_representative,patient_binomial_exact_95_descriptive,,,,,,,,,,,,
"Previous model, patient analysis",subcode,1AVB,2-lead,no_automated_decisions,1904,1904,61,61,0.0,1.0,0.0,1.0,0.0,,0,0,0,0,,,,,0.0,0.0,1.0,1.0,1904,0.0,,,,0.0,0.0,1.0,1.0,0.0,0.0,1.0,1.0,0.0,0.0,0.0,0.0,0.0,0.0,1.0,1.0,1.0,1.0,0.1,0.02,assert_disease,patient_representative,patient_binomial_exact_95_descriptive,,,,,,,,,,,,
"Previous model, patient analysis",subcode,AMI,2-lead,no_automated_decisions,1904,1904,26,26,0.0,1.0,0.0,1.0,0.0,,0,0,0,0,,,,,0.0,0.0,1.0,1.0,1904,0.0,,,,0.0,0.0,1.0,1.0,0.0,0.0,1.0,1.0,0.0,0.0,0.0,0.0,0.0,0.0,1.0,1.0,1.0,1.0,0.05,0.01,assert_disease,patient_representative,patient_binomial_exact_95_descriptive,,,,,,,,,,,,
"Previous model, patient analysis",subcode,ASMI,2-lead,no_automated_decisions,1904,1904,189,189,0.0,1.0,0.0,1.0,0.0,,0,0,0,0,,,,,0.0,0.0,1.0,1.0,1904,0.0,,,,0.0,0.0,1.0,1.0,0.0,0.0,1.0,1.0,0.0,0.0,0.0,0.0,0.0,0.0,1.0,1.0,1.0,1.0,0.05,0.01,assert_disease,patient_representative,patient_binomial_exact_95_descriptive,,,,,,,,,,,,
"Previous model, patient analysis",subcode,CLBBB,2-lead,no_automated_decisions,1904,1904,39,39,0.0,1.0,0.0,1.0,0.0,,0,0,0,0,,,,,0.0,0.0,1.0,1.0,1904,0.0,,,,0.0,0.0,1.0,1.0,0.0,0.0,1.0,1.0,0.0,0.0,0.0,0.0,0.0,0.0,1.0,1.0,1.0,1.0,0.1,0.02,assert_disease,patient_representative,patient_binomial_exact_95_descriptive,,,,,,,,,,,,
"Previous model, patient analysis",subcode,CRBBB,2-lead,automated_decisions_observed,1904,1904,44,44,0.0,1.0,0.9495798319327732,0.0504201680672268,0.9495798319327732,0.0016592920353982,0,0,1808,3,,0.0016592920353982,0.0,1.0,0.0,0.9704301075268816,0.9318181818181818,0.0295698924731182,1904,0.9495798319327732,0.0016592920353982,,0.0016592920353982,0.0,0.0,1.0,1.0,0.9395877100840336,0.9595588235294118,0.0404411764705882,0.0604122899159663,0.9395877100840336,0.9595588235294118,0.0,0.0,0.9620102441424564,0.9779097801538448,0.8490566037735849,1.0,0.0220902198461552,0.0379897558575437,0.1,0.02,assert_disease,patient_representative,patient_binomial_exact_95_descriptive,,,0.0003423167121543,0.004841426769973,0.0,0.0038631879865867,0.0,0.0038631879865867,0.0,0.0,1.0,1.0
"Previous model, patient analysis",subcode,ILMI,2-lead,no_automated_decisions,1904,1904,40,40,0.0,1.0,0.0,1.0,0.0,,0,0,0,0,,,,,0.0,0.0,1.0,1.0,1904,0.0,,,,0.0,0.0,1.0,1.0,0.0,0.0,1.0,1.0,0.0,0.0,0.0,0.0,0.0,0.0,1.0,1.0,1.0,1.0,0.05,0.01,assert_disease,patient_representative,patient_binomial_exact_95_descriptive,,,,,,,,,,,,
"Previous model, patient analysis",subcode,IMI,2-lead,no_automated_decisions,1904,1904,221,221,0.0,1.0,0.0,1.0,0.0,,0,0,0,0,,,,,0.0,0.0,1.0,1.0,1904,0.0,,,,0.0,0.0,1.0,1.0,0.0,0.0,1.0,1.0,0.0,0.0,0.0,0.0,0.0,0.0,1.0,1.0,1.0,1.0,0.05,0.01,assert_disease,patient_representative,patient_binomial_exact_95_descriptive,,,,,,,,,,,,
"Previous model, patient analysis",subcode,IRBBB,2-lead,no_automated_decisions,1904,1904,99,99,0.0,1.0,0.0,1.0,0.0,,0,0,0,0,,,,,0.0,0.0,1.0,1.0,1904,0.0,,,,0.0,0.0,1.0,1.0,0.0,0.0,1.0,1.0,0.0,0.0,0.0,0.0,0.0,0.0,1.0,1.0,1.0,1.0,0.1,0.02,assert_disease,patient_representative,patient_binomial_exact_95_descriptive,,,,,,,,,,,,
"Previous model, patient analysis",subcode,ISCAL,2-lead,no_automated_decisions,1904,1904,51,51,0.0,1.0,0.0,1.0,0.0,,0,0,0,0,,,,,0.0,0.0,1.0,1.0,1904,0.0,,,,0.0,0.0,1.0,1.0,0.0,0.0,1.0,1.0,0.0,0.0,0.0,0.0,0.0,0.0,1.0,1.0,1.0,1.0,0.05,0.01,assert_disease,patient_representative,patient_binomial_exact_95_descriptive,,,,,,,,,,,,
"Previous model, patient analysis",subcode,ISC_,2-lead,no_automated_decisions,1904,1904,112,112,0.0,1.0,0.0,1.0,0.0,,0,0,0,0,,,,,0.0,0.0,1.0,1.0,1904,0.0,,,,0.0,0.0,1.0,1.0,0.0,0.0,1.0,1.0,0.0,0.0,0.0,0.0,0.0,0.0,1.0,1.0,1.0,1.0,0.05,0.01,assert_disease,patient_representative,patient_binomial_exact_95_descriptive,,,,,,,,,,,,
"Previous model, patient analysis",subcode,IVCD,2-lead,no_automated_decisions,1904,1904,65,65,0.0,1.0,0.0,1.0,0.0,,0,0,0,0,,,,,0.0,0.0,1.0,1.0,1904,0.0,,,,0.0,0.0,1.0,1.0,0.0,0.0,1.0,1.0,0.0,0.0,0.0,0.0,0.0,0.0,1.0,1.0,1.0,1.0,0.1,0.02,assert_disease,patient_representative,patient_binomial_exact_95_descriptive,,,,,,,,,,,,
"Previous model, patient analysis",subcode,LAFB,2-lead,no_automated_decisions,1904,1904,144,144,0.0,1.0,0.0,1.0,0.0,,0,0,0,0,,,,,0.0,0.0,1.0,1.0,1904,0.0,,,,0.0,0.0,1.0,1.0,0.0,0.0,1.0,1.0,0.0,0.0,0.0,0.0,0.0,0.0,1.0,1.0,1.0,1.0,0.1,0.02,assert_disease,patient_representative,patient_binomial_exact_95_descriptive,,,,,,,,,,,,
"Previous model, patient analysis",subcode,LAO/LAE,2-lead,no_automated_decisions,1904,1904,37,37,0.0,1.0,0.0,1.0,0.0,,0,0,0,0,,,,,0.0,0.0,1.0,1.0,1904,0.0,,,,0.0,0.0,1.0,1.0,0.0,0.0,1.0,1.0,0.0,0.0,0.0,0.0,0.0,0.0,1.0,1.0,1.0,1.0,0.1,0.02,assert_disease,patient_representative,patient_binomial_exact_95_descriptive,,,,,,,,,,,,
"Previous model, patient analysis",subcode,LVH,2-lead,no_automated_decisions,1904,1904,191,191,0.0,1.0,0.0,1.0,0.0,,0,0,0,0,,,,,0.0,0.0,1.0,1.0,1904,0.0,,,,0.0,0.0,1.0,1.0,0.0,0.0,1.0,1.0,0.0,0.0,0.0,0.0,0.0,0.0,1.0,1.0,1.0,1.0,0.1,0.02,assert_disease,patient_representative,patient_binomial_exact_95_descriptive,,,,,,,,,,,,
"Previous model, patient analysis",subcode,NDT,2-lead,no_automated_decisions,1904,1904,159,159,0.0,1.0,0.0,1.0,0.0,,0,0,0,0,,,,,0.0,0.0,1.0,1.0,1904,0.0,,,,0.0,0.0,1.0,1.0,0.0,0.0,1.0,1.0,0.0,0.0,0.0,0.0,0.0,0.0,1.0,1.0,1.0,1.0,0.1,0.02,assert_disease,patient_representative,patient_binomial_exact_95_descriptive,,,,,,,,,,,,
"Previous model, patient analysis",subcode,NORM,2-lead,no_automated_decisions,1904,1904,859,859,0.0,1.0,0.0,1.0,0.0,,0,0,0,0,,,,,0.0,0.0,1.0,1.0,1904,0.0,,,,0.0,0.0,1.0,1.0,0.0,0.0,1.0,1.0,0.0,0.0,0.0,0.0,0.0,0.0,1.0,1.0,1.0,1.0,0.02,,assert_normal,patient_representative,patient_binomial_exact_95_descriptive,,,,,,,,,,,,
"Previous model, patient analysis",subcode,NST_,2-lead,no_automated_decisions,1904,1904,68,68,0.0,1.0,0.0,1.0,0.0,,0,0,0,0,,,,,0.0,0.0,1.0,1.0,1904,0.0,,,,0.0,0.0,1.0,1.0,0.0,0.0,1.0,1.0,0.0,0.0,0.0,0.0,0.0,0.0,1.0,1.0,1.0,1.0,0.1,0.02,assert_disease,patient_representative,patient_binomial_exact_95_descriptive,,,,,,,,,,,,
"Previous model, patient analysis",rhythm,AFIB,2-lead,no_automated_decisions,1904,1904,116,116,0.0,1.0,0.0,1.0,0.0,,0,0,0,0,,,,,0.0,0.0,1.0,1.0,1904,0.0,,,,0.0,0.0,1.0,1.0,0.0,0.0,1.0,1.0,0.0,0.0,0.0,0.0,0.0,0.0,1.0,1.0,1.0,1.0,0.1,0.02,assert_disease,patient_representative,patient_binomial_exact_95_descriptive,,,,,,,,,,,,
"Previous model, patient analysis",rhythm,PACE,2-lead,automated_decisions_observed,1904,1904,22,22,0.9784663865546218,0.0215336134453781,0.0,0.0215336134453781,0.9784663865546218,0.0037573805689747,0,0,1863,7,,0.0037573805689747,0.0,1.0,0.0,0.9861849096705632,0.6818181818181818,0.0138150903294367,1904,0.9784663865546218,0.0037573805689747,,0.0037573805689747,0.9716386554621848,0.9847689075630252,0.0152310924369747,0.0283613445378151,0.0,0.0,0.0152310924369747,0.0283613445378151,0.9716386554621848,0.9847689075630252,0.0,0.0,0.9808508090541596,0.9914578962407092,0.4666666666666667,0.8751249999999993,0.0085421037592906,0.0191491909458403,0.1,0.02,assert_disease,patient_representative,patient_binomial_exact_95_descriptive,,,0.0015119554391981,0.0077262249557168,0.0010758472296933,0.0069706964609245,0.0010758472296933,0.0069706964609245,0.0,0.0,1.0,1.0
"Previous model, patient analysis",rhythm,SARRH,2-lead,no_automated_decisions,1904,1904,67,67,0.0,1.0,0.0,1.0,0.0,,0,0,0,0,,,,,0.0,0.0,1.0,1.0,1904,0.0,,,,0.0,0.0,1.0,1.0,0.0,0.0,1.0,1.0,0.0,0.0,0.0,0.0,0.0,0.0,1.0,1.0,1.0,1.0,0.1,0.02,assert_disease,patient_representative,patient_binomial_exact_95_descriptive,,,,,,,,,,,,
"Previous model, patient analysis",rhythm,SBRAD,2-lead,no_automated_decisions,1904,1904,54,54,0.0,1.0,0.0,1.0,0.0,,0,0,0,0,,,,,0.0,0.0,1.0,1.0,1904,0.0,,,,0.0,0.0,1.0,1.0,0.0,0.0,1.0,1.0,0.0,0.0,0.0,0.0,0.0,0.0,1.0,1.0,1.0,1.0,0.1,0.02,assert_disease,patient_representative,patient_binomial_exact_95_descriptive,,,,,,,,,,,,
"Previous model, patient analysis",rhythm,SR,2-lead,no_automated_decisions,1904,1904,1473,1473,0.0,1.0,0.0,1.0,0.0,,0,0,0,0,,,,,0.0,0.0,1.0,1.0,1904,0.0,,,,0.0,0.0,1.0,1.0,0.0,0.0,1.0,1.0,0.0,0.0,0.0,0.0,0.0,0.0,1.0,1.0,1.0,1.0,0.02,,assert_normal,patient_representative,patient_binomial_exact_95_descriptive,,,,,,,,,,,,
"Previous model, patient analysis",rhythm,STACH,2-lead,automated_decisions_observed,1904,1904,68,68,0.91859243697479,0.08140756302521,0.0,0.08140756302521,0.91859243697479,0.0022870211549456,0,0,1749,4,,0.0022870211549456,0.0,1.0,0.0,0.9504357298474946,0.9411764705882352,0.0495642701525054,1904,0.91859243697479,0.0022870211549456,,0.0022870211549456,0.9065126050420168,0.9301470588235294,0.0698529411764705,0.0934873949579832,0.0,0.0,0.0698529411764705,0.0934873949579832,0.9065126050420168,0.9301470588235294,0.0,0.0,0.9403060717849188,0.9601968345422076,0.8813559322033898,0.9870171495171496,0.0398031654577924,0.0596939282150812,0.1,0.02,assert_disease,patient_representative,patient_binomial_exact_95_descriptive,,,0.000623476885248,0.0058452411042574,0.0005656028663585,0.0045845272206303,0.0005656028663585,0.0045845272206303,0.0,0.0,1.0,1.0
"Previous model, patient analysis",rhythm,AFIB-or-AFLT,2-lead,no_automated_decisions,1904,1904,118,118,0.0,1.0,0.0,1.0,0.0,,0,0,0,0,,,,,0.0,0.0,1.0,1.0,1904,0.0,,,,0.0,0.0,1.0,1.0,0.0,0.0,1.0,1.0,0.0,0.0,0.0,0.0,0.0,0.0,1.0,1.0,1.0,1.0,0.1,0.02,assert_disease,patient_representative,patient_binomial_exact_95_descriptive,,,,,,,,,,,,
Fixed I+II,superclass,NORM,2-lead,no_automated_decisions,1904,1904,859,859,0.0,1.0,0.0,1.0,0.0,,0,0,0,0,,,,,0.0,0.0,1.0,1.0,1904,0.0,,,,0.0,0.0,1.0,1.0,0.0,0.0,1.0,1.0,0.0,0.0,0.0,0.0,0.0,0.0,1.0,1.0,1.0,1.0,0.02,,assert_normal,patient_representative,patient_binomial_exact_95_descriptive,,,,,,,,,,,,
Fixed I+II,superclass,MI,2-lead,no_automated_decisions,1904,1904,457,457,0.0,1.0,0.0,1.0,0.0,,0,0,0,0,,,,,0.0,0.0,1.0,1.0,1904,0.0,,,,0.0,0.0,1.0,1.0,0.0,0.0,1.0,1.0,0.0,0.0,0.0,0.0,0.0,0.0,1.0,1.0,1.0,1.0,0.05,0.01,assert_disease,patient_representative,patient_binomial_exact_95_descriptive,,,,,,,,,,,,
Fixed I+II,superclass,STTC,2-lead,no_automated_decisions,1904,1904,446,446,0.0,1.0,0.0,1.0,0.0,,0,0,0,0,,,,,0.0,0.0,1.0,1.0,1904,0.0,,,,0.0,0.0,1.0,1.0,0.0,0.0,1.0,1.0,0.0,0.0,0.0,0.0,0.0,0.0,1.0,1.0,1.0,1.0,0.05,0.01,assert_disease,patient_representative,patient_binomial_exact_95_descriptive,,,,,,,,,,,,
Fixed I+II,superclass,CD,2-lead,no_automated_decisions,1904,1904,416,416,0.0,1.0,0.0,1.0,0.0,,0,0,0,0,,,,,0.0,0.0,1.0,1.0,1904,0.0,,,,0.0,0.0,1.0,1.0,0.0,0.0,1.0,1.0,0.0,0.0,0.0,0.0,0.0,0.0,1.0,1.0,1.0,1.0,0.1,0.02,assert_disease,patient_representative,patient_binomial_exact_95_descriptive,,,,,,,,,,,,
Fixed I+II,superclass,HYP,2-lead,no_automated_decisions,1904,1904,233,233,0.0,1.0,0.0,1.0,0.0,,0,0,0,0,,,,,0.0,0.0,1.0,1.0,1904,0.0,,,,0.0,0.0,1.0,1.0,0.0,0.0,1.0,1.0,0.0,0.0,0.0,0.0,0.0,0.0,1.0,1.0,1.0,1.0,0.1,0.02,assert_disease,patient_representative,patient_binomial_exact_95_descriptive,,,,,,,,,,,,
Fixed I+II,subcode,1AVB,2-lead,no_automated_decisions,1904,1904,61,61,0.0,1.0,0.0,1.0,0.0,,0,0,0,0,,,,,0.0,0.0,1.0,1.0,1904,0.0,,,,0.0,0.0,1.0,1.0,0.0,0.0,1.0,1.0,0.0,0.0,0.0,0.0,0.0,0.0,1.0,1.0,1.0,1.0,0.1,0.02,assert_disease,patient_representative,patient_binomial_exact_95_descriptive,,,,,,,,,,,,
Fixed I+II,subcode,AMI,2-lead,no_automated_decisions,1904,1904,26,26,0.0,1.0,0.0,1.0,0.0,,0,0,0,0,,,,,0.0,0.0,1.0,1.0,1904,0.0,,,,0.0,0.0,1.0,1.0,0.0,0.0,1.0,1.0,0.0,0.0,0.0,0.0,0.0,0.0,1.0,1.0,1.0,1.0,0.05,0.01,assert_disease,patient_representative,patient_binomial_exact_95_descriptive,,,,,,,,,,,,
Fixed I+II,subcode,ASMI,2-lead,no_automated_decisions,1904,1904,189,189,0.0,1.0,0.0,1.0,0.0,,0,0,0,0,,,,,0.0,0.0,1.0,1.0,1904,0.0,,,,0.0,0.0,1.0,1.0,0.0,0.0,1.0,1.0,0.0,0.0,0.0,0.0,0.0,0.0,1.0,1.0,1.0,1.0,0.05,0.01,assert_disease,patient_representative,patient_binomial_exact_95_descriptive,,,,,,,,,,,,
Fixed I+II,subcode,CLBBB,2-lead,no_automated_decisions,1904,1904,39,39,0.0,1.0,0.0,1.0,0.0,,0,0,0,0,,,,,0.0,0.0,1.0,1.0,1904,0.0,,,,0.0,0.0,1.0,1.0,0.0,0.0,1.0,1.0,0.0,0.0,0.0,0.0,0.0,0.0,1.0,1.0,1.0,1.0,0.1,0.02,assert_disease,patient_representative,patient_binomial_exact_95_descriptive,,,,,,,,,,,,
Fixed I+II,subcode,CRBBB,2-lead,no_automated_decisions,1904,1904,44,44,0.0,1.0,0.0,1.0,0.0,,0,0,0,0,,,,,0.0,0.0,1.0,1.0,1904,0.0,,,,0.0,0.0,1.0,1.0,0.0,0.0,1.0,1.0,0.0,0.0,0.0,0.0,0.0,0.0,1.0,1.0,1.0,1.0,0.1,0.02,assert_disease,patient_representative,patient_binomial_exact_95_descriptive,,,,,,,,,,,,
Fixed I+II,subcode,ILMI,2-lead,no_automated_decisions,1904,1904,40,40,0.0,1.0,0.0,1.0,0.0,,0,0,0,0,,,,,0.0,0.0,1.0,1.0,1904,0.0,,,,0.0,0.0,1.0,1.0,0.0,0.0,1.0,1.0,0.0,0.0,0.0,0.0,0.0,0.0,1.0,1.0,1.0,1.0,0.05,0.01,assert_disease,patient_representative,patient_binomial_exact_95_descriptive,,,,,,,,,,,,
Fixed I+II,subcode,IMI,2-lead,no_automated_decisions,1904,1904,221,221,0.0,1.0,0.0,1.0,0.0,,0,0,0,0,,,,,0.0,0.0,1.0,1.0,1904,0.0,,,,0.0,0.0,1.0,1.0,0.0,0.0,1.0,1.0,0.0,0.0,0.0,0.0,0.0,0.0,1.0,1.0,1.0,1.0,0.05,0.01,assert_disease,patient_representative,patient_binomial_exact_95_descriptive,,,,,,,,,,,,
Fixed I+II,subcode,IRBBB,2-lead,no_automated_decisions,1904,1904,99,99,0.0,1.0,0.0,1.0,0.0,,0,0,0,0,,,,,0.0,0.0,1.0,1.0,1904,0.0,,,,0.0,0.0,1.0,1.0,0.0,0.0,1.0,1.0,0.0,0.0,0.0,0.0,0.0,0.0,1.0,1.0,1.0,1.0,0.1,0.02,assert_disease,patient_representative,patient_binomial_exact_95_descriptive,,,,,,,,,,,,
Fixed I+II,subcode,ISCAL,2-lead,no_automated_decisions,1904,1904,51,51,0.0,1.0,0.0,1.0,0.0,,0,0,0,0,,,,,0.0,0.0,1.0,1.0,1904,0.0,,,,0.0,0.0,1.0,1.0,0.0,0.0,1.0,1.0,0.0,0.0,0.0,0.0,0.0,0.0,1.0,1.0,1.0,1.0,0.05,0.01,assert_disease,patient_representative,patient_binomial_exact_95_descriptive,,,,,,,,,,,,
Fixed I+II,subcode,ISC_,2-lead,no_automated_decisions,1904,1904,112,112,0.0,1.0,0.0,1.0,0.0,,0,0,0,0,,,,,0.0,0.0,1.0,1.0,1904,0.0,,,,0.0,0.0,1.0,1.0,0.0,0.0,1.0,1.0,0.0,0.0,0.0,0.0,0.0,0.0,1.0,1.0,1.0,1.0,0.05,0.01,assert_disease,patient_representative,patient_binomial_exact_95_descriptive,,,,,,,,,,,,
Fixed I+II,subcode,IVCD,2-lead,no_automated_decisions,1904,1904,65,65,0.0,1.0,0.0,1.0,0.0,,0,0,0,0,,,,,0.0,0.0,1.0,1.0,1904,0.0,,,,0.0,0.0,1.0,1.0,0.0,0.0,1.0,1.0,0.0,0.0,0.0,0.0,0.0,0.0,1.0,1.0,1.0,1.0,0.1,0.02,assert_disease,patient_representative,patient_binomial_exact_95_descriptive,,,,,,,,,,,,
Fixed I+II,subcode,LAFB,2-lead,no_automated_decisions,1904,1904,144,144,0.0,1.0,0.0,1.0,0.0,,0,0,0,0,,,,,0.0,0.0,1.0,1.0,1904,0.0,,,,0.0,0.0,1.0,1.0,0.0,0.0,1.0,1.0,0.0,0.0,0.0,0.0,0.0,0.0,1.0,1.0,1.0,1.0,0.1,0.02,assert_disease,patient_representative,patient_binomial_exact_95_descriptive,,,,,,,,,,,,
Fixed I+II,subcode,LAO/LAE,2-lead,no_automated_decisions,1904,1904,37,37,0.0,1.0,0.0,1.0,0.0,,0,0,0,0,,,,,0.0,0.0,1.0,1.0,1904,0.0,,,,0.0,0.0,1.0,1.0,0.0,0.0,1.0,1.0,0.0,0.0,0.0,0.0,0.0,0.0,1.0,1.0,1.0,1.0,0.1,0.02,assert_disease,patient_representative,patient_binomial_exact_95_descriptive,,,,,,,,,,,,
Fixed I+II,subcode,LVH,2-lead,no_automated_decisions,1904,1904,191,191,0.0,1.0,0.0,1.0,0.0,,0,0,0,0,,,,,0.0,0.0,1.0,1.0,1904,0.0,,,,0.0,0.0,1.0,1.0,0.0,0.0,1.0,1.0,0.0,0.0,0.0,0.0,0.0,0.0,1.0,1.0,1.0,1.0,0.1,0.02,assert_disease,patient_representative,patient_binomial_exact_95_descriptive,,,,,,,,,,,,
Fixed I+II,subcode,NDT,2-lead,no_automated_decisions,1904,1904,159,159,0.0,1.0,0.0,1.0,0.0,,0,0,0,0,,,,,0.0,0.0,1.0,1.0,1904,0.0,,,,0.0,0.0,1.0,1.0,0.0,0.0,1.0,1.0,0.0,0.0,0.0,0.0,0.0,0.0,1.0,1.0,1.0,1.0,0.1,0.02,assert_disease,patient_representative,patient_binomial_exact_95_descriptive,,,,,,,,,,,,
Fixed I+II,subcode,NORM,2-lead,no_automated_decisions,1904,1904,859,859,0.0,1.0,0.0,1.0,0.0,,0,0,0,0,,,,,0.0,0.0,1.0,1.0,1904,0.0,,,,0.0,0.0,1.0,1.0,0.0,0.0,1.0,1.0,0.0,0.0,0.0,0.0,0.0,0.0,1.0,1.0,1.0,1.0,0.02,,assert_normal,patient_representative,patient_binomial_exact_95_descriptive,,,,,,,,,,,,
Fixed I+II,subcode,NST_,2-lead,no_automated_decisions,1904,1904,68,68,0.0,1.0,0.0,1.0,0.0,,0,0,0,0,,,,,0.0,0.0,1.0,1.0,1904,0.0,,,,0.0,0.0,1.0,1.0,0.0,0.0,1.0,1.0,0.0,0.0,0.0,0.0,0.0,0.0,1.0,1.0,1.0,1.0,0.1,0.02,assert_disease,patient_representative,patient_binomial_exact_95_descriptive,,,,,,,,,,,,
Fixed I+II,rhythm,AFIB,2-lead,no_automated_decisions,1904,1904,116,116,0.0,1.0,0.0,1.0,0.0,,0,0,0,0,,,,,0.0,0.0,1.0,1.0,1904,0.0,,,,0.0,0.0,1.0,1.0,0.0,0.0,1.0,1.0,0.0,0.0,0.0,0.0,0.0,0.0,1.0,1.0,1.0,1.0,0.1,0.02,assert_disease,patient_representative,patient_binomial_exact_95_descriptive,,,,,,,,,,,,
Fixed I+II,rhythm,PACE,2-lead,automated_decisions_observed,1904,1904,22,22,0.9243697478991596,0.0756302521008403,0.0,0.0756302521008403,0.9243697478991596,0.0022727272727272,0,0,1760,4,,0.0022727272727272,0.0,1.0,0.0,0.9330499468650372,0.8181818181818182,0.0669500531349628,1904,0.9243697478991596,0.0022727272727272,,0.0022727272727272,0.9117647058823528,0.9353991596638656,0.0646008403361344,0.088235294117647,0.0,0.0,0.0646008403361344,0.088235294117647,0.9117647058823528,0.9353991596638656,0.0,0.0,0.9211219483012976,0.9434161819143312,0.631578947368421,0.9583333333333334,0.0565838180856689,0.0788780516987022,0.1,0.02,assert_disease,patient_representative,patient_binomial_exact_95_descriptive,,,0.000619578037324,0.0058087731544364,0.0005643261284453,0.0045848565688502,0.0005643261284453,0.0045848565688502,0.0,0.0,1.0,1.0
Fixed I+II,rhythm,SARRH,2-lead,no_automated_decisions,1904,1904,67,67,0.0,1.0,0.0,1.0,0.0,,0,0,0,0,,,,,0.0,0.0,1.0,1.0,1904,0.0,,,,0.0,0.0,1.0,1.0,0.0,0.0,1.0,1.0,0.0,0.0,0.0,0.0,0.0,0.0,1.0,1.0,1.0,1.0,0.1,0.02,assert_disease,patient_representative,patient_binomial_exact_95_descriptive,,,,,,,,,,,,
Fixed I+II,rhythm,SBRAD,2-lead,no_automated_decisions,1904,1904,54,54,0.0,1.0,0.0,1.0,0.0,,0,0,0,0,,,,,0.0,0.0,1.0,1.0,1904,0.0,,,,0.0,0.0,1.0,1.0,0.0,0.0,1.0,1.0,0.0,0.0,0.0,0.0,0.0,0.0,1.0,1.0,1.0,1.0,0.1,0.02,assert_disease,patient_representative,patient_binomial_exact_95_descriptive,,,,,,,,,,,,
Fixed I+II,rhythm,SR,2-lead,no_automated_decisions,1904,1904,1473,1473,0.0,1.0,0.0,1.0,0.0,,0,0,0,0,,,,,0.0,0.0,1.0,1.0,1904,0.0,,,,0.0,0.0,1.0,1.0,0.0,0.0,1.0,1.0,0.0,0.0,0.0,0.0,0.0,0.0,1.0,1.0,1.0,1.0,0.02,,assert_normal,patient_representative,patient_binomial_exact_95_descriptive,,,,,,,,,,,,
Fixed I+II,rhythm,STACH,2-lead,no_automated_decisions,1904,1904,68,68,0.0,1.0,0.0,1.0,0.0,,0,0,0,0,,,,,0.0,0.0,1.0,1.0,1904,0.0,,,,0.0,0.0,1.0,1.0,0.0,0.0,1.0,1.0,0.0,0.0,0.0,0.0,0.0,0.0,1.0,1.0,1.0,1.0,0.1,0.02,assert_disease,patient_representative,patient_binomial_exact_95_descriptive,,,,,,,,,,,,
Fixed I+II,rhythm,AFIB-or-AFLT,2-lead,no_automated_decisions,1904,1904,118,118,0.0,1.0,0.0,1.0,0.0,,0,0,0,0,,,,,0.0,0.0,1.0,1.0,1904,0.0,,,,0.0,0.0,1.0,1.0,0.0,0.0,1.0,1.0,0.0,0.0,0.0,0.0,0.0,0.0,1.0,1.0,1.0,1.0,0.1,0.02,assert_disease,patient_representative,patient_binomial_exact_95_descriptive,,,,,,,,,,,,
Random lead training,superclass,NORM,2-lead,no_automated_decisions,1904,1904,859,859,0.0,1.0,0.0,1.0,0.0,,0,0,0,0,,,,,0.0,0.0,1.0,1.0,1904,0.0,,,,0.0,0.0,1.0,1.0,0.0,0.0,1.0,1.0,0.0,0.0,0.0,0.0,0.0,0.0,1.0,1.0,1.0,1.0,0.02,,assert_normal,patient_representative,patient_binomial_exact_95_descriptive,,,,,,,,,,,,
Random lead training,superclass,MI,2-lead,no_automated_decisions,1904,1904,457,457,0.0,1.0,0.0,1.0,0.0,,0,0,0,0,,,,,0.0,0.0,1.0,1.0,1904,0.0,,,,0.0,0.0,1.0,1.0,0.0,0.0,1.0,1.0,0.0,0.0,0.0,0.0,0.0,0.0,1.0,1.0,1.0,1.0,0.05,0.01,assert_disease,patient_representative,patient_binomial_exact_95_descriptive,,,,,,,,,,,,
Random lead training,superclass,STTC,2-lead,no_automated_decisions,1904,1904,446,446,0.0,1.0,0.0,1.0,0.0,,0,0,0,0,,,,,0.0,0.0,1.0,1.0,1904,0.0,,,,0.0,0.0,1.0,1.0,0.0,0.0,1.0,1.0,0.0,0.0,0.0,0.0,0.0,0.0,1.0,1.0,1.0,1.0,0.05,0.01,assert_disease,patient_representative,patient_binomial_exact_95_descriptive,,,,,,,,,,,,
Random lead training,superclass,CD,2-lead,no_automated_decisions,1904,1904,416,416,0.0,1.0,0.0,1.0,0.0,,0,0,0,0,,,,,0.0,0.0,1.0,1.0,1904,0.0,,,,0.0,0.0,1.0,1.0,0.0,0.0,1.0,1.0,0.0,0.0,0.0,0.0,0.0,0.0,1.0,1.0,1.0,1.0,0.1,0.02,assert_disease,patient_representative,patient_binomial_exact_95_descriptive,,,,,,,,,,,,
Random lead training,superclass,HYP,2-lead,no_automated_decisions,1904,1904,233,233,0.0,1.0,0.0,1.0,0.0,,0,0,0,0,,,,,0.0,0.0,1.0,1.0,1904,0.0,,,,0.0,0.0,1.0,1.0,0.0,0.0,1.0,1.0,0.0,0.0,0.0,0.0,0.0,0.0,1.0,1.0,1.0,1.0,0.1,0.02,assert_disease,patient_representative,patient_binomial_exact_95_descriptive,,,,,,,,,,,,
Random lead training,subcode,1AVB,2-lead,no_automated_decisions,1904,1904,61,61,0.0,1.0,0.0,1.0,0.0,,0,0,0,0,,,,,0.0,0.0,1.0,1.0,1904,0.0,,,,0.0,0.0,1.0,1.0,0.0,0.0,1.0,1.0,0.0,0.0,0.0,0.0,0.0,0.0,1.0,1.0,1.0,1.0,0.1,0.02,assert_disease,patient_representative,patient_binomial_exact_95_descriptive,,,,,,,,,,,,
Random lead training,subcode,AMI,2-lead,no_automated_decisions,1904,1904,26,26,0.0,1.0,0.0,1.0,0.0,,0,0,0,0,,,,,0.0,0.0,1.0,1.0,1904,0.0,,,,0.0,0.0,1.0,1.0,0.0,0.0,1.0,1.0,0.0,0.0,0.0,0.0,0.0,0.0,1.0,1.0,1.0,1.0,0.05,0.01,assert_disease,patient_representative,patient_binomial_exact_95_descriptive,,,,,,,,,,,,
Random lead training,subcode,ASMI,2-lead,no_automated_decisions,1904,1904,189,189,0.0,1.0,0.0,1.0,0.0,,0,0,0,0,,,,,0.0,0.0,1.0,1.0,1904,0.0,,,,0.0,0.0,1.0,1.0,0.0,0.0,1.0,1.0,0.0,0.0,0.0,0.0,0.0,0.0,1.0,1.0,1.0,1.0,0.05,0.01,assert_disease,patient_representative,patient_binomial_exact_95_descriptive,,,,,,,,,,,,
Random lead training,subcode,CLBBB,2-lead,no_automated_decisions,1904,1904,39,39,0.0,1.0,0.0,1.0,0.0,,0,0,0,0,,,,,0.0,0.0,1.0,1.0,1904,0.0,,,,0.0,0.0,1.0,1.0,0.0,0.0,1.0,1.0,0.0,0.0,0.0,0.0,0.0,0.0,1.0,1.0,1.0,1.0,0.1,0.02,assert_disease,patient_representative,patient_binomial_exact_95_descriptive,,,,,,,,,,,,
Random lead training,subcode,CRBBB,2-lead,no_automated_decisions,1904,1904,44,44,0.0,1.0,0.0,1.0,0.0,,0,0,0,0,,,,,0.0,0.0,1.0,1.0,1904,0.0,,,,0.0,0.0,1.0,1.0,0.0,0.0,1.0,1.0,0.0,0.0,0.0,0.0,0.0,0.0,1.0,1.0,1.0,1.0,0.1,0.02,assert_disease,patient_representative,patient_binomial_exact_95_descriptive,,,,,,,,,,,,
Random lead training,subcode,ILMI,2-lead,no_automated_decisions,1904,1904,40,40,0.0,1.0,0.0,1.0,0.0,,0,0,0,0,,,,,0.0,0.0,1.0,1.0,1904,0.0,,,,0.0,0.0,1.0,1.0,0.0,0.0,1.0,1.0,0.0,0.0,0.0,0.0,0.0,0.0,1.0,1.0,1.0,1.0,0.05,0.01,assert_disease,patient_representative,patient_binomial_exact_95_descriptive,,,,,,,,,,,,
Random lead training,subcode,IMI,2-lead,no_automated_decisions,1904,1904,221,221,0.0,1.0,0.0,1.0,0.0,,0,0,0,0,,,,,0.0,0.0,1.0,1.0,1904,0.0,,,,0.0,0.0,1.0,1.0,0.0,0.0,1.0,1.0,0.0,0.0,0.0,0.0,0.0,0.0,1.0,1.0,1.0,1.0,0.05,0.01,assert_disease,patient_representative,patient_binomial_exact_95_descriptive,,,,,,,,,,,,
Random lead training,subcode,IRBBB,2-lead,no_automated_decisions,1904,1904,99,99,0.0,1.0,0.0,1.0,0.0,,0,0,0,0,,,,,0.0,0.0,1.0,1.0,1904,0.0,,,,0.0,0.0,1.0,1.0,0.0,0.0,1.0,1.0,0.0,0.0,0.0,0.0,0.0,0.0,1.0,1.0,1.0,1.0,0.1,0.02,assert_disease,patient_representative,patient_binomial_exact_95_descriptive,,,,,,,,,,,,
Random lead training,subcode,ISCAL,2-lead,no_automated_decisions,1904,1904,51,51,0.0,1.0,0.0,1.0,0.0,,0,0,0,0,,,,,0.0,0.0,1.0,1.0,1904,0.0,,,,0.0,0.0,1.0,1.0,0.0,0.0,1.0,1.0,0.0,0.0,0.0,0.0,0.0,0.0,1.0,1.0,1.0,1.0,0.05,0.01,assert_disease,patient_representative,patient_binomial_exact_95_descriptive,,,,,,,,,,,,
Random lead training,subcode,ISC_,2-lead,no_automated_decisions,1904,1904,112,112,0.0,1.0,0.0,1.0,0.0,,0,0,0,0,,,,,0.0,0.0,1.0,1.0,1904,0.0,,,,0.0,0.0,1.0,1.0,0.0,0.0,1.0,1.0,0.0,0.0,0.0,0.0,0.0,0.0,1.0,1.0,1.0,1.0,0.05,0.01,assert_disease,patient_representative,patient_binomial_exact_95_descriptive,,,,,,,,,,,,
Random lead training,subcode,IVCD,2-lead,no_automated_decisions,1904,1904,65,65,0.0,1.0,0.0,1.0,0.0,,0,0,0,0,,,,,0.0,0.0,1.0,1.0,1904,0.0,,,,0.0,0.0,1.0,1.0,0.0,0.0,1.0,1.0,0.0,0.0,0.0,0.0,0.0,0.0,1.0,1.0,1.0,1.0,0.1,0.02,assert_disease,patient_representative,patient_binomial_exact_95_descriptive,,,,,,,,,,,,
Random lead training,subcode,LAFB,2-lead,no_automated_decisions,1904,1904,144,144,0.0,1.0,0.0,1.0,0.0,,0,0,0,0,,,,,0.0,0.0,1.0,1.0,1904,0.0,,,,0.0,0.0,1.0,1.0,0.0,0.0,1.0,1.0,0.0,0.0,0.0,0.0,0.0,0.0,1.0,1.0,1.0,1.0,0.1,0.02,assert_disease,patient_representative,patient_binomial_exact_95_descriptive,,,,,,,,,,,,
Random lead training,subcode,LAO/LAE,2-lead,no_automated_decisions,1904,1904,37,37,0.0,1.0,0.0,1.0,0.0,,0,0,0,0,,,,,0.0,0.0,1.0,1.0,1904,0.0,,,,0.0,0.0,1.0,1.0,0.0,0.0,1.0,1.0,0.0,0.0,0.0,0.0,0.0,0.0,1.0,1.0,1.0,1.0,0.1,0.02,assert_disease,patient_representative,patient_binomial_exact_95_descriptive,,,,,,,,,,,,
Random lead training,subcode,LVH,2-lead,no_automated_decisions,1904,1904,191,191,0.0,1.0,0.0,1.0,0.0,,0,0,0,0,,,,,0.0,0.0,1.0,1.0,1904,0.0,,,,0.0,0.0,1.0,1.0,0.0,0.0,1.0,1.0,0.0,0.0,0.0,0.0,0.0,0.0,1.0,1.0,1.0,1.0,0.1,0.02,assert_disease,patient_representative,patient_binomial_exact_95_descriptive,,,,,,,,,,,,
Random lead training,subcode,NDT,2-lead,no_automated_decisions,1904,1904,159,159,0.0,1.0,0.0,1.0,0.0,,0,0,0,0,,,,,0.0,0.0,1.0,1.0,1904,0.0,,,,0.0,0.0,1.0,1.0,0.0,0.0,1.0,1.0,0.0,0.0,0.0,0.0,0.0,0.0,1.0,1.0,1.0,1.0,0.1,0.02,assert_disease,patient_representative,patient_binomial_exact_95_descriptive,,,,,,,,,,,,
Random lead training,subcode,NORM,2-lead,no_automated_decisions,1904,1904,859,859,0.0,1.0,0.0,1.0,0.0,,0,0,0,0,,,,,0.0,0.0,1.0,1.0,1904,0.0,,,,0.0,0.0,1.0,1.0,0.0,0.0,1.0,1.0,0.0,0.0,0.0,0.0,0.0,0.0,1.0,1.0,1.0,1.0,0.02,,assert_normal,patient_representative,patient_binomial_exact_95_descriptive,,,,,,,,,,,,
Random lead training,subcode,NST_,2-lead,no_automated_decisions,1904,1904,68,68,0.0,1.0,0.0,1.0,0.0,,0,0,0,0,,,,,0.0,0.0,1.0,1.0,1904,0.0,,,,0.0,0.0,1.0,1.0,0.0,0.0,1.0,1.0,0.0,0.0,0.0,0.0,0.0,0.0,1.0,1.0,1.0,1.0,0.1,0.02,assert_disease,patient_representative,patient_binomial_exact_95_descriptive,,,,,,,,,,,,
Random lead training,rhythm,AFIB,2-lead,no_automated_decisions,1904,1904,116,116,0.0,1.0,0.0,1.0,0.0,,0,0,0,0,,,,,0.0,0.0,1.0,1.0,1904,0.0,,,,0.0,0.0,1.0,1.0,0.0,0.0,1.0,1.0,0.0,0.0,0.0,0.0,0.0,0.0,1.0,1.0,1.0,1.0,0.1,0.02,assert_disease,patient_representative,patient_binomial_exact_95_descriptive,,,,,,,,,,,,
Random lead training,rhythm,PACE,2-lead,automated_decisions_observed,1904,1904,22,22,0.96218487394958,0.0378151260504201,0.0,0.0378151260504201,0.96218487394958,0.0054585152838427,0,0,1832,10,,0.0054585152838427,0.0,1.0,0.0,0.9681190223166845,0.5454545454545454,0.0318809776833156,1904,0.96218487394958,0.0054585152838427,,0.0054585152838427,0.9532563025210083,0.9705882352941176,0.0294117647058823,0.0467436974789916,0.0,0.0,0.0294117647058823,0.0467436974789916,0.9532563025210083,0.9705882352941176,0.0,0.0,0.9596800908791088,0.9755968169761272,0.3333333333333333,0.75,0.0244031830238726,0.0403199091208911,0.1,0.02,assert_disease,patient_representative,patient_binomial_exact_95_descriptive,,,0.0026205806241584,0.0100154227485426,0.0021952994601747,0.0092442801683509,0.0021952994601747,0.0092442801683509,0.0,0.0,1.0,1.0
Random lead training,rhythm,SARRH,2-lead,no_automated_decisions,1904,1904,67,67,0.0,1.0,0.0,1.0,0.0,,0,0,0,0,,,,,0.0,0.0,1.0,1.0,1904,0.0,,,,0.0,0.0,1.0,1.0,0.0,0.0,1.0,1.0,0.0,0.0,0.0,0.0,0.0,0.0,1.0,1.0,1.0,1.0,0.1,0.02,assert_disease,patient_representative,patient_binomial_exact_95_descriptive,,,,,,,,,,,,
Random lead training,rhythm,SBRAD,2-lead,no_automated_decisions,1904,1904,54,54,0.0,1.0,0.0,1.0,0.0,,0,0,0,0,,,,,0.0,0.0,1.0,1.0,1904,0.0,,,,0.0,0.0,1.0,1.0,0.0,0.0,1.0,1.0,0.0,0.0,0.0,0.0,0.0,0.0,1.0,1.0,1.0,1.0,0.1,0.02,assert_disease,patient_representative,patient_binomial_exact_95_descriptive,,,,,,,,,,,,
Random lead training,rhythm,SR,2-lead,no_automated_decisions,1904,1904,1473,1473,0.0,1.0,0.0,1.0,0.0,,0,0,0,0,,,,,0.0,0.0,1.0,1.0,1904,0.0,,,,0.0,0.0,1.0,1.0,0.0,0.0,1.0,1.0,0.0,0.0,0.0,0.0,0.0,0.0,1.0,1.0,1.0,1.0,0.02,,assert_normal,patient_representative,patient_binomial_exact_95_descriptive,,,,,,,,,,,,
Random lead training,rhythm,STACH,2-lead,no_automated_decisions,1904,1904,68,68,0.0,1.0,0.0,1.0,0.0,,0,0,0,0,,,,,0.0,0.0,1.0,1.0,1904,0.0,,,,0.0,0.0,1.0,1.0,0.0,0.0,1.0,1.0,0.0,0.0,0.0,0.0,0.0,0.0,1.0,1.0,1.0,1.0,0.1,0.02,assert_disease,patient_representative,patient_binomial_exact_95_descriptive,,,,,,,,,,,,
Random lead training,rhythm,AFIB-or-AFLT,2-lead,no_automated_decisions,1904,1904,118,118,0.0,1.0,0.0,1.0,0.0,,0,0,0,0,,,,,0.0,0.0,1.0,1.0,1904,0.0,,,,0.0,0.0,1.0,1.0,0.0,0.0,1.0,1.0,0.0,0.0,0.0,0.0,0.0,0.0,1.0,1.0,1.0,1.0,0.1,0.02,assert_disease,patient_representative,patient_binomial_exact_95_descriptive,,,,,,,,,,,,
Twelve-lead model masked to I+II,superclass,NORM,2-lead,no_automated_decisions,1904,1904,859,859,0.0,1.0,0.0,1.0,0.0,,0,0,0,0,,,,,0.0,0.0,1.0,1.0,1904,0.0,,,,0.0,0.0,1.0,1.0,0.0,0.0,1.0,1.0,0.0,0.0,0.0,0.0,0.0,0.0,1.0,1.0,1.0,1.0,0.02,,assert_normal,patient_representative,patient_binomial_exact_95_descriptive,,,,,,,,,,,,
Twelve-lead model masked to I+II,superclass,MI,2-lead,no_automated_decisions,1904,1904,457,457,0.0,1.0,0.0,1.0,0.0,,0,0,0,0,,,,,0.0,0.0,1.0,1.0,1904,0.0,,,,0.0,0.0,1.0,1.0,0.0,0.0,1.0,1.0,0.0,0.0,0.0,0.0,0.0,0.0,1.0,1.0,1.0,1.0,0.05,0.01,assert_disease,patient_representative,patient_binomial_exact_95_descriptive,,,,,,,,,,,,
Twelve-lead model masked to I+II,superclass,STTC,2-lead,no_automated_decisions,1904,1904,446,446,0.0,1.0,0.0,1.0,0.0,,0,0,0,0,,,,,0.0,0.0,1.0,1.0,1904,0.0,,,,0.0,0.0,1.0,1.0,0.0,0.0,1.0,1.0,0.0,0.0,0.0,0.0,0.0,0.0,1.0,1.0,1.0,1.0,0.05,0.01,assert_disease,patient_representative,patient_binomial_exact_95_descriptive,,,,,,,,,,,,
Twelve-lead model masked to I+II,superclass,CD,2-lead,no_automated_decisions,1904,1904,416,416,0.0,1.0,0.0,1.0,0.0,,0,0,0,0,,,,,0.0,0.0,1.0,1.0,1904,0.0,,,,0.0,0.0,1.0,1.0,0.0,0.0,1.0,1.0,0.0,0.0,0.0,0.0,0.0,0.0,1.0,1.0,1.0,1.0,0.1,0.02,assert_disease,patient_representative,patient_binomial_exact_95_descriptive,,,,,,,,,,,,
Twelve-lead model masked to I+II,superclass,HYP,2-lead,no_automated_decisions,1904,1904,233,233,0.0,1.0,0.0,1.0,0.0,,0,0,0,0,,,,,0.0,0.0,1.0,1.0,1904,0.0,,,,0.0,0.0,1.0,1.0,0.0,0.0,1.0,1.0,0.0,0.0,0.0,0.0,0.0,0.0,1.0,1.0,1.0,1.0,0.1,0.02,assert_disease,patient_representative,patient_binomial_exact_95_descriptive,,,,,,,,,,,,
Twelve-lead model masked to I+II,subcode,1AVB,2-lead,no_automated_decisions,1904,1904,61,61,0.0,1.0,0.0,1.0,0.0,,0,0,0,0,,,,,0.0,0.0,1.0,1.0,1904,0.0,,,,0.0,0.0,1.0,1.0,0.0,0.0,1.0,1.0,0.0,0.0,0.0,0.0,0.0,0.0,1.0,1.0,1.0,1.0,0.1,0.02,assert_disease,patient_representative,patient_binomial_exact_95_descriptive,,,,,,,,,,,,
Twelve-lead model masked to I+II,subcode,AMI,2-lead,no_automated_decisions,1904,1904,26,26,0.0,1.0,0.0,1.0,0.0,,0,0,0,0,,,,,0.0,0.0,1.0,1.0,1904,0.0,,,,0.0,0.0,1.0,1.0,0.0,0.0,1.0,1.0,0.0,0.0,0.0,0.0,0.0,0.0,1.0,1.0,1.0,1.0,0.05,0.01,assert_disease,patient_representative,patient_binomial_exact_95_descriptive,,,,,,,,,,,,
Twelve-lead model masked to I+II,subcode,ASMI,2-lead,no_automated_decisions,1904,1904,189,189,0.0,1.0,0.0,1.0,0.0,,0,0,0,0,,,,,0.0,0.0,1.0,1.0,1904,0.0,,,,0.0,0.0,1.0,1.0,0.0,0.0,1.0,1.0,0.0,0.0,0.0,0.0,0.0,0.0,1.0,1.0,1.0,1.0,0.05,0.01,assert_disease,patient_representative,patient_binomial_exact_95_descriptive,,,,,,,,,,,,
Twelve-lead model masked to I+II,subcode,CLBBB,2-lead,no_automated_decisions,1904,1904,39,39,0.0,1.0,0.0,1.0,0.0,,0,0,0,0,,,,,0.0,0.0,1.0,1.0,1904,0.0,,,,0.0,0.0,1.0,1.0,0.0,0.0,1.0,1.0,0.0,0.0,0.0,0.0,0.0,0.0,1.0,1.0,1.0,1.0,0.1,0.02,assert_disease,patient_representative,patient_binomial_exact_95_descriptive,,,,,,,,,,,,
Twelve-lead model masked to I+II,subcode,CRBBB,2-lead,no_automated_decisions,1904,1904,44,44,0.0,1.0,0.0,1.0,0.0,,0,0,0,0,,,,,0.0,0.0,1.0,1.0,1904,0.0,,,,0.0,0.0,1.0,1.0,0.0,0.0,1.0,1.0,0.0,0.0,0.0,0.0,0.0,0.0,1.0,1.0,1.0,1.0,0.1,0.02,assert_disease,patient_representative,patient_binomial_exact_95_descriptive,,,,,,,,,,,,
Twelve-lead model masked to I+II,subcode,ILMI,2-lead,no_automated_decisions,1904,1904,40,40,0.0,1.0,0.0,1.0,0.0,,0,0,0,0,,,,,0.0,0.0,1.0,1.0,1904,0.0,,,,0.0,0.0,1.0,1.0,0.0,0.0,1.0,1.0,0.0,0.0,0.0,0.0,0.0,0.0,1.0,1.0,1.0,1.0,0.05,0.01,assert_disease,patient_representative,patient_binomial_exact_95_descriptive,,,,,,,,,,,,
Twelve-lead model masked to I+II,subcode,IMI,2-lead,no_automated_decisions,1904,1904,221,221,0.0,1.0,0.0,1.0,0.0,,0,0,0,0,,,,,0.0,0.0,1.0,1.0,1904,0.0,,,,0.0,0.0,1.0,1.0,0.0,0.0,1.0,1.0,0.0,0.0,0.0,0.0,0.0,0.0,1.0,1.0,1.0,1.0,0.05,0.01,assert_disease,patient_representative,patient_binomial_exact_95_descriptive,,,,,,,,,,,,
Twelve-lead model masked to I+II,subcode,IRBBB,2-lead,no_automated_decisions,1904,1904,99,99,0.0,1.0,0.0,1.0,0.0,,0,0,0,0,,,,,0.0,0.0,1.0,1.0,1904,0.0,,,,0.0,0.0,1.0,1.0,0.0,0.0,1.0,1.0,0.0,0.0,0.0,0.0,0.0,0.0,1.0,1.0,1.0,1.0,0.1,0.02,assert_disease,patient_representative,patient_binomial_exact_95_descriptive,,,,,,,,,,,,
Twelve-lead model masked to I+II,subcode,ISCAL,2-lead,no_automated_decisions,1904,1904,51,51,0.0,1.0,0.0,1.0,0.0,,0,0,0,0,,,,,0.0,0.0,1.0,1.0,1904,0.0,,,,0.0,0.0,1.0,1.0,0.0,0.0,1.0,1.0,0.0,0.0,0.0,0.0,0.0,0.0,1.0,1.0,1.0,1.0,0.05,0.01,assert_disease,patient_representative,patient_binomial_exact_95_descriptive,,,,,,,,,,,,
Twelve-lead model masked to I+II,subcode,ISC_,2-lead,no_automated_decisions,1904,1904,112,112,0.0,1.0,0.0,1.0,0.0,,0,0,0,0,,,,,0.0,0.0,1.0,1.0,1904,0.0,,,,0.0,0.0,1.0,1.0,0.0,0.0,1.0,1.0,0.0,0.0,0.0,0.0,0.0,0.0,1.0,1.0,1.0,1.0,0.05,0.01,assert_disease,patient_representative,patient_binomial_exact_95_descriptive,,,,,,,,,,,,
Twelve-lead model masked to I+II,subcode,IVCD,2-lead,no_automated_decisions,1904,1904,65,65,0.0,1.0,0.0,1.0,0.0,,0,0,0,0,,,,,0.0,0.0,1.0,1.0,1904,0.0,,,,0.0,0.0,1.0,1.0,0.0,0.0,1.0,1.0,0.0,0.0,0.0,0.0,0.0,0.0,1.0,1.0,1.0,1.0,0.1,0.02,assert_disease,patient_representative,patient_binomial_exact_95_descriptive,,,,,,,,,,,,
Twelve-lead model masked to I+II,subcode,LAFB,2-lead,no_automated_decisions,1904,1904,144,144,0.0,1.0,0.0,1.0,0.0,,0,0,0,0,,,,,0.0,0.0,1.0,1.0,1904,0.0,,,,0.0,0.0,1.0,1.0,0.0,0.0,1.0,1.0,0.0,0.0,0.0,0.0,0.0,0.0,1.0,1.0,1.0,1.0,0.1,0.02,assert_disease,patient_representative,patient_binomial_exact_95_descriptive,,,,,,,,,,,,
Twelve-lead model masked to I+II,subcode,LAO/LAE,2-lead,no_automated_decisions,1904,1904,37,37,0.0,1.0,0.0,1.0,0.0,,0,0,0,0,,,,,0.0,0.0,1.0,1.0,1904,0.0,,,,0.0,0.0,1.0,1.0,0.0,0.0,1.0,1.0,0.0,0.0,0.0,0.0,0.0,0.0,1.0,1.0,1.0,1.0,0.1,0.02,assert_disease,patient_representative,patient_binomial_exact_95_descriptive,,,,,,,,,,,,
Twelve-lead model masked to I+II,subcode,LVH,2-lead,no_automated_decisions,1904,1904,191,191,0.0,1.0,0.0,1.0,0.0,,0,0,0,0,,,,,0.0,0.0,1.0,1.0,1904,0.0,,,,0.0,0.0,1.0,1.0,0.0,0.0,1.0,1.0,0.0,0.0,0.0,0.0,0.0,0.0,1.0,1.0,1.0,1.0,0.1,0.02,assert_disease,patient_representative,patient_binomial_exact_95_descriptive,,,,,,,,,,,,
Twelve-lead model masked to I+II,subcode,NDT,2-lead,no_automated_decisions,1904,1904,159,159,0.0,1.0,0.0,1.0,0.0,,0,0,0,0,,,,,0.0,0.0,1.0,1.0,1904,0.0,,,,0.0,0.0,1.0,1.0,0.0,0.0,1.0,1.0,0.0,0.0,0.0,0.0,0.0,0.0,1.0,1.0,1.0,1.0,0.1,0.02,assert_disease,patient_representative,patient_binomial_exact_95_descriptive,,,,,,,,,,,,
Twelve-lead model masked to I+II,subcode,NORM,2-lead,no_automated_decisions,1904,1904,859,859,0.0,1.0,0.0,1.0,0.0,,0,0,0,0,,,,,0.0,0.0,1.0,1.0,1904,0.0,,,,0.0,0.0,1.0,1.0,0.0,0.0,1.0,1.0,0.0,0.0,0.0,0.0,0.0,0.0,1.0,1.0,1.0,1.0,0.02,,assert_normal,patient_representative,patient_binomial_exact_95_descriptive,,,,,,,,,,,,
Twelve-lead model masked to I+II,subcode,NST_,2-lead,no_automated_decisions,1904,1904,68,68,0.0,1.0,0.0,1.0,0.0,,0,0,0,0,,,,,0.0,0.0,1.0,1.0,1904,0.0,,,,0.0,0.0,1.0,1.0,0.0,0.0,1.0,1.0,0.0,0.0,0.0,0.0,0.0,0.0,1.0,1.0,1.0,1.0,0.1,0.02,assert_disease,patient_representative,patient_binomial_exact_95_descriptive,,,,,,,,,,,,
Twelve-lead model masked to I+II,rhythm,AFIB,2-lead,no_automated_decisions,1904,1904,116,116,0.0,1.0,0.0,1.0,0.0,,0,0,0,0,,,,,0.0,0.0,1.0,1.0,1904,0.0,,,,0.0,0.0,1.0,1.0,0.0,0.0,1.0,1.0,0.0,0.0,0.0,0.0,0.0,0.0,1.0,1.0,1.0,1.0,0.1,0.02,assert_disease,patient_representative,patient_binomial_exact_95_descriptive,,,,,,,,,,,,
Twelve-lead model masked to I+II,rhythm,PACE,2-lead,no_automated_decisions,1904,1904,22,22,0.0,1.0,0.0,1.0,0.0,,0,0,0,0,,,,,0.0,0.0,1.0,1.0,1904,0.0,,,,0.0,0.0,1.0,1.0,0.0,0.0,1.0,1.0,0.0,0.0,0.0,0.0,0.0,0.0,1.0,1.0,1.0,1.0,0.1,0.02,assert_disease,patient_representative,patient_binomial_exact_95_descriptive,,,,,,,,,,,,
Twelve-lead model masked to I+II,rhythm,SARRH,2-lead,no_automated_decisions,1904,1904,67,67,0.0,1.0,0.0,1.0,0.0,,0,0,0,0,,,,,0.0,0.0,1.0,1.0,1904,0.0,,,,0.0,0.0,1.0,1.0,0.0,0.0,1.0,1.0,0.0,0.0,0.0,0.0,0.0,0.0,1.0,1.0,1.0,1.0,0.1,0.02,assert_disease,patient_representative,patient_binomial_exact_95_descriptive,,,,,,,,,,,,
Twelve-lead model masked to I+II,rhythm,SBRAD,2-lead,no_automated_decisions,1904,1904,54,54,0.0,1.0,0.0,1.0,0.0,,0,0,0,0,,,,,0.0,0.0,1.0,1.0,1904,0.0,,,,0.0,0.0,1.0,1.0,0.0,0.0,1.0,1.0,0.0,0.0,0.0,0.0,0.0,0.0,1.0,1.0,1.0,1.0,0.1,0.02,assert_disease,patient_representative,patient_binomial_exact_95_descriptive,,,,,,,,,,,,
Twelve-lead model masked to I+II,rhythm,SR,2-lead,no_automated_decisions,1904,1904,1473,1473,0.0,1.0,0.0,1.0,0.0,,0,0,0,0,,,,,0.0,0.0,1.0,1.0,1904,0.0,,,,0.0,0.0,1.0,1.0,0.0,0.0,1.0,1.0,0.0,0.0,0.0,0.0,0.0,0.0,1.0,1.0,1.0,1.0,0.02,,assert_normal,patient_representative,patient_binomial_exact_95_descriptive,,,,,,,,,,,,
Twelve-lead model masked to I+II,rhythm,STACH,2-lead,no_automated_decisions,1904,1904,68,68,0.0,1.0,0.0,1.0,0.0,,0,0,0,0,,,,,0.0,0.0,1.0,1.0,1904,0.0,,,,0.0,0.0,1.0,1.0,0.0,0.0,1.0,1.0,0.0,0.0,0.0,0.0,0.0,0.0,1.0,1.0,1.0,1.0,0.1,0.02,assert_disease,patient_representative,patient_binomial_exact_95_descriptive,,,,,,,,,,,,
Twelve-lead model masked to I+II,rhythm,AFIB-or-AFLT,2-lead,no_automated_decisions,1904,1904,118,118,0.0,1.0,0.0,1.0,0.0,,0,0,0,0,,,,,0.0,0.0,1.0,1.0,1904,0.0,,,,0.0,0.0,1.0,1.0,0.0,0.0,1.0,1.0,0.0,0.0,0.0,0.0,0.0,0.0,1.0,1.0,1.0,1.0,0.1,0.02,assert_disease,patient_representative,patient_binomial_exact_95_descriptive,,,,,,,,,,,,
