diagnosis_group,diagnosis,lead_set,n_records,n_patients,positive_records,positive_patients,reduced_trust_rate,twelve_lead_acquisition_rate,twelve_lead_rescue_rate,expert_referral_rate,automated_coverage,automated_error,trusted_positive_records,trusted_positive_errors,trusted_negative_records,trusted_negative_errors,trusted_positive_error,trusted_negative_error,automated_sensitivity,automated_specificity,positive_automation_recall,negative_automation_recall,positive_referral_rate,negative_referral_rate,patient_n_patients,patient_patients_with_automated_decision_rate,patient_patient_any_automated_error_rate,patient_patient_any_trusted_positive_error_rate,patient_patient_any_trusted_negative_error_rate,reduced_trust_rate_ci_lower,reduced_trust_rate_ci_upper,twelve_lead_acquisition_rate_ci_lower,twelve_lead_acquisition_rate_ci_upper,twelve_lead_rescue_rate_ci_lower,twelve_lead_rescue_rate_ci_upper,expert_referral_rate_ci_lower,expert_referral_rate_ci_upper,automated_coverage_ci_lower,automated_coverage_ci_upper,positive_automation_recall_ci_lower,positive_automation_recall_ci_upper,negative_automation_recall_ci_lower,negative_automation_recall_ci_upper,positive_referral_rate_ci_lower,positive_referral_rate_ci_upper,negative_referral_rate_ci_lower,negative_referral_rate_ci_upper,max_positive_risk,max_negative_risk,interpretation,automated_error_ci_lower,automated_error_ci_upper,trusted_negative_error_ci_lower,trusted_negative_error_ci_upper,automated_sensitivity_ci_lower,automated_sensitivity_ci_upper,automated_specificity_ci_lower,automated_specificity_ci_upper
superclass,NORM,2-lead,2198,1904,963,882,0.0,1.0,0.0,1.0,0.0,,0,0,0,0,,,,,0.0,0.0,1.0,1.0,1904,0.0,,,,0.0,0.0,1.0,1.0,0.0,0.0,1.0,1.0,0.0,0.0,0.0,0.0,0.0,0.0,1.0,1.0,1.0,1.0,0.02,,assert_normal,,,,,,,,
superclass,MI,2-lead,2198,1904,550,476,0.0,1.0,0.0,1.0,0.0,,0,0,0,0,,,,,0.0,0.0,1.0,1.0,1904,0.0,,,,0.0,0.0,1.0,1.0,0.0,0.0,1.0,1.0,0.0,0.0,0.0,0.0,0.0,0.0,1.0,1.0,1.0,1.0,0.05,0.01,assert_disease,,,,,,,,
superclass,STTC,2-lead,2198,1904,521,475,0.0,1.0,0.0,1.0,0.0,,0,0,0,0,,,,,0.0,0.0,1.0,1.0,1904,0.0,,,,0.0,0.0,1.0,1.0,0.0,0.0,1.0,1.0,0.0,0.0,0.0,0.0,0.0,0.0,1.0,1.0,1.0,1.0,0.05,0.01,assert_disease,,,,,,,,
superclass,CD,2-lead,2198,1904,496,439,0.0,1.0,0.0,1.0,0.0,,0,0,0,0,,,,,0.0,0.0,1.0,1.0,1904,0.0,,,,0.0,0.0,1.0,1.0,0.0,0.0,1.0,1.0,0.0,0.0,0.0,0.0,0.0,0.0,1.0,1.0,1.0,1.0,0.1,0.02,assert_disease,,,,,,,,
superclass,HYP,2-lead,2198,1904,262,249,0.0,1.0,0.0,1.0,0.0,,0,0,0,0,,,,,0.0,0.0,1.0,1.0,1904,0.0,,,,0.0,0.0,1.0,1.0,0.0,0.0,1.0,1.0,0.0,0.0,0.0,0.0,0.0,0.0,1.0,1.0,1.0,1.0,0.1,0.02,assert_disease,,,,,,,,
subcode,1AVB,2-lead,2198,1904,79,69,0.0,1.0,0.0,1.0,0.0,,0,0,0,0,,,,,0.0,0.0,1.0,1.0,1904,0.0,,,,0.0,0.0,1.0,1.0,0.0,0.0,1.0,1.0,0.0,0.0,0.0,0.0,0.0,0.0,1.0,1.0,1.0,1.0,0.1,0.02,assert_disease,,,,,,,,
subcode,ALMI,2-lead,2198,1904,27,21,0.0,1.0,0.0,1.0,0.0,,0,0,0,0,,,,,0.0,0.0,1.0,1.0,1904,0.0,,,,0.0,0.0,1.0,1.0,0.0,0.0,1.0,1.0,0.0,0.0,0.0,0.0,0.0,0.0,1.0,1.0,1.0,1.0,0.05,0.01,assert_disease,,,,,,,,
subcode,AMI,2-lead,2198,1904,35,34,0.0,1.0,0.0,1.0,0.0,,0,0,0,0,,,,,0.0,0.0,1.0,1.0,1904,0.0,,,,0.0,0.0,1.0,1.0,0.0,0.0,1.0,1.0,0.0,0.0,0.0,0.0,0.0,0.0,1.0,1.0,1.0,1.0,0.05,0.01,assert_disease,,,,,,,,
subcode,ASMI,2-lead,2198,1904,234,199,0.0,1.0,0.0,1.0,0.0,,0,0,0,0,,,,,0.0,0.0,1.0,1.0,1904,0.0,,,,0.0,0.0,1.0,1.0,0.0,0.0,1.0,1.0,0.0,0.0,0.0,0.0,0.0,0.0,1.0,1.0,1.0,1.0,0.05,0.01,assert_disease,,,,,,,,
subcode,CLBBB,2-lead,2198,1904,54,42,0.8257506824385805,0.1742493175614194,0.0,0.1742493175614194,0.8257506824385805,0.0,0,0,1815,0,,0.0,,1.0,0.0,0.8465485074626866,1.0,0.1534514925373134,1904,0.8413865546218487,0.0,,0.0,0.8065379494183612,0.8430207956963347,0.1569792043036653,0.1934620505816387,0.0,0.0,0.1569792043036653,0.1934620505816387,0.8065379494183612,0.8430207956963347,0.0,0.0,0.82889827922344,0.8630274807460048,1.0,1.0,0.1369725192539953,0.17110172077656,0.1,0.02,assert_disease,0.0,0.0,0.0,0.0,,,1.0,1.0
subcode,CRBBB,2-lead,2198,1904,54,45,0.0,1.0,0.951774340309372,0.0482256596906278,0.951774340309372,0.0019120458891013,0,0,2092,4,,0.0019120458891013,0.0,1.0,0.0,0.9738805970149254,0.925925925925926,0.0261194029850746,1904,0.9558823529411764,0.0021978021978021,,0.0021978021978021,0.0,0.0,1.0,1.0,0.9409607475778562,0.9611010614465042,0.0388989385534958,0.0590392524221438,0.9409607475778562,0.9611010614465042,0.0,0.0,0.9667105839324536,0.9802728912413524,0.8518321513002364,0.9827586206896552,0.0197271087586477,0.0332894160675464,0.1,0.02,assert_disease,0.0004734792464397,0.0038629615307151,0.0004734792464397,0.0038629615307151,0.0,0.0,1.0,1.0
subcode,ILMI,2-lead,2198,1904,48,43,0.0,1.0,0.0,1.0,0.0,,0,0,0,0,,,,,0.0,0.0,1.0,1.0,1904,0.0,,,,0.0,0.0,1.0,1.0,0.0,0.0,1.0,1.0,0.0,0.0,0.0,0.0,0.0,0.0,1.0,1.0,1.0,1.0,0.05,0.01,assert_disease,,,,,,,,
subcode,IMI,2-lead,2198,1904,267,240,0.0,1.0,0.0,1.0,0.0,,0,0,0,0,,,,,0.0,0.0,1.0,1.0,1904,0.0,,,,0.0,0.0,1.0,1.0,0.0,0.0,1.0,1.0,0.0,0.0,0.0,0.0,0.0,0.0,1.0,1.0,1.0,1.0,0.05,0.01,assert_disease,,,,,,,,
subcode,IRBBB,2-lead,2198,1904,112,106,0.0,1.0,0.0,1.0,0.0,,0,0,0,0,,,,,0.0,0.0,1.0,1.0,1904,0.0,,,,0.0,0.0,1.0,1.0,0.0,0.0,1.0,1.0,0.0,0.0,0.0,0.0,0.0,0.0,1.0,1.0,1.0,1.0,0.1,0.02,assert_disease,,,,,,,,
subcode,ISCAL,2-lead,2198,1904,66,65,0.0,1.0,0.0,1.0,0.0,,0,0,0,0,,,,,0.0,0.0,1.0,1.0,1904,0.0,,,,0.0,0.0,1.0,1.0,0.0,0.0,1.0,1.0,0.0,0.0,0.0,0.0,0.0,0.0,1.0,1.0,1.0,1.0,0.05,0.01,assert_disease,,,,,,,,
subcode,ISC_,2-lead,2198,1904,128,121,0.0,1.0,0.0,1.0,0.0,,0,0,0,0,,,,,0.0,0.0,1.0,1.0,1904,0.0,,,,0.0,0.0,1.0,1.0,0.0,0.0,1.0,1.0,0.0,0.0,0.0,0.0,0.0,0.0,1.0,1.0,1.0,1.0,0.05,0.01,assert_disease,,,,,,,,
subcode,IVCD,2-lead,2198,1904,79,77,0.0,1.0,0.0,1.0,0.0,,0,0,0,0,,,,,0.0,0.0,1.0,1.0,1904,0.0,,,,0.0,0.0,1.0,1.0,0.0,0.0,1.0,1.0,0.0,0.0,0.0,0.0,0.0,0.0,1.0,1.0,1.0,1.0,0.1,0.02,assert_disease,,,,,,,,
subcode,LAFB,2-lead,2198,1904,162,150,0.0,1.0,0.0,1.0,0.0,,0,0,0,0,,,,,0.0,0.0,1.0,1.0,1904,0.0,,,,0.0,0.0,1.0,1.0,0.0,0.0,1.0,1.0,0.0,0.0,0.0,0.0,0.0,0.0,1.0,1.0,1.0,1.0,0.1,0.02,assert_disease,,,,,,,,
subcode,LAO/LAE,2-lead,2198,1904,42,42,0.0,1.0,0.0,1.0,0.0,,0,0,0,0,,,,,0.0,0.0,1.0,1.0,1904,0.0,,,,0.0,0.0,1.0,1.0,0.0,0.0,1.0,1.0,0.0,0.0,0.0,0.0,0.0,0.0,1.0,1.0,1.0,1.0,0.1,0.02,assert_disease,,,,,,,,
subcode,LVH,2-lead,2198,1904,214,202,0.0,1.0,0.0,1.0,0.0,,0,0,0,0,,,,,0.0,0.0,1.0,1.0,1904,0.0,,,,0.0,0.0,1.0,1.0,0.0,0.0,1.0,1.0,0.0,0.0,0.0,0.0,0.0,0.0,1.0,1.0,1.0,1.0,0.1,0.02,assert_disease,,,,,,,,
subcode,NDT,2-lead,2198,1904,182,176,0.0,1.0,0.0,1.0,0.0,,0,0,0,0,,,,,0.0,0.0,1.0,1.0,1904,0.0,,,,0.0,0.0,1.0,1.0,0.0,0.0,1.0,1.0,0.0,0.0,0.0,0.0,0.0,0.0,1.0,1.0,1.0,1.0,0.1,0.02,assert_disease,,,,,,,,
subcode,NORM,2-lead,2198,1904,963,882,0.0,1.0,0.0,1.0,0.0,,0,0,0,0,,,,,0.0,0.0,1.0,1.0,1904,0.0,,,,0.0,0.0,1.0,1.0,0.0,0.0,1.0,1.0,0.0,0.0,0.0,0.0,0.0,0.0,1.0,1.0,1.0,1.0,0.02,,assert_normal,,,,,,,,
subcode,NST_,2-lead,2198,1904,77,75,0.0,1.0,0.0,1.0,0.0,,0,0,0,0,,,,,0.0,0.0,1.0,1.0,1904,0.0,,,,0.0,0.0,1.0,1.0,0.0,0.0,1.0,1.0,0.0,0.0,0.0,0.0,0.0,0.0,1.0,1.0,1.0,1.0,0.1,0.02,assert_disease,,,,,,,,
rhythm,AFIB,2-lead,2198,1904,152,130,0.0,1.0,0.0,1.0,0.0,,0,0,0,0,,,,,0.0,0.0,1.0,1.0,1904,0.0,,,,0.0,0.0,1.0,1.0,0.0,0.0,1.0,1.0,0.0,0.0,0.0,0.0,0.0,0.0,1.0,1.0,1.0,1.0,0.1,0.02,assert_disease,,,,,,,,
rhythm,PACE,2-lead,2198,1904,28,25,0.0,1.0,0.9858962693357598,0.0141037306642402,0.9858962693357598,0.0036917397323488,0,0,2167,8,,0.0036917397323488,0.0,1.0,0.0,0.9949308755760368,0.7142857142857143,0.0050691244239631,1904,0.9889705882352942,0.0042485395645246,,0.0042485395645246,0.0,0.0,1.0,1.0,0.980025965379494,0.9908676841124652,0.0091323158875349,0.0199740346205059,0.980025965379494,0.9908676841124652,0.0,0.0,0.9912716893623956,0.9977106489048708,0.5312040441176471,0.8788181818181816,0.0022893510951291,0.0087283106376042,0.1,0.02,assert_disease,0.0013773788763363,0.0064223134781435,0.0013773788763363,0.0064223134781435,0.0,0.0,1.0,1.0
rhythm,SARRH,2-lead,2198,1904,77,77,0.0,1.0,0.0,1.0,0.0,,0,0,0,0,,,,,0.0,0.0,1.0,1.0,1904,0.0,,,,0.0,0.0,1.0,1.0,0.0,0.0,1.0,1.0,0.0,0.0,0.0,0.0,0.0,0.0,1.0,1.0,1.0,1.0,0.1,0.02,assert_disease,,,,,,,,
rhythm,SBRAD,2-lead,2198,1904,64,61,0.0,1.0,0.0,1.0,0.0,,0,0,0,0,,,,,0.0,0.0,1.0,1.0,1904,0.0,,,,0.0,0.0,1.0,1.0,0.0,0.0,1.0,1.0,0.0,0.0,0.0,0.0,0.0,0.0,1.0,1.0,1.0,1.0,0.1,0.02,assert_disease,,,,,,,,
rhythm,SR,2-lead,2198,1904,1674,1506,0.0,1.0,0.0,1.0,0.0,,0,0,0,0,,,,,0.0,0.0,1.0,1.0,1904,0.0,,,,0.0,0.0,1.0,1.0,0.0,0.0,1.0,1.0,0.0,0.0,0.0,0.0,0.0,0.0,1.0,1.0,1.0,1.0,0.02,,assert_normal,,,,,,,,
rhythm,STACH,2-lead,2198,1904,82,79,0.8939945404913557,0.1060054595086442,0.0,0.1060054595086442,0.8939945404913557,0.0025445292620865,0,0,1965,5,,0.0025445292620865,0.0,1.0,0.0,0.9262759924385632,0.9390243902439024,0.0737240075614366,1904,0.9164915966386554,0.0028653295128939,,0.0028653295128939,0.8803219397626078,0.9065053406810218,0.0934946593189781,0.1196780602373922,0.0,0.0,0.0934946593189781,0.1196780602373922,0.8803219397626078,0.9065053406810218,0.0,0.0,0.9142177639433736,0.936916414077629,0.8874955985915493,0.9871794871794872,0.0630835859223709,0.0857822360566263,0.1,0.02,assert_disease,0.0005104580116885,0.0050201433559451,0.0005104580116885,0.0050201433559451,0.0,0.0,1.0,1.0
rhythm,AFIB-or-AFLT,2-lead,2198,1904,157,134,0.0,1.0,0.0,1.0,0.0,,0,0,0,0,,,,,0.0,0.0,1.0,1.0,1904,0.0,,,,0.0,0.0,1.0,1.0,0.0,0.0,1.0,1.0,0.0,0.0,0.0,0.0,0.0,0.0,1.0,1.0,1.0,1.0,0.1,0.02,assert_disease,,,,,,,,
